Job Role,Skills
Software Engineer,"C, C++, Java, Python, Data Structures, Algorithms, OOP, System Design, Microservices, Distributed Systems"
Data Scientist,"Python, R, SQL, Pandas, NumPy, Scikit-learn, TensorFlow, Deep Learning, Big Data, Data Visualization"
Machine Learning Engineer,"Python, TensorFlow, PyTorch, Scikit-learn, NLP, Computer Vision, Reinforcement Learning, MLOps"
Backend Developer,"Java, Spring Boot, Node.js, Express.js, SQL, NoSQL, REST APIs, Microservices, Caching, GraphQL"
Frontend Developer,"HTML, CSS, JavaScript, React, Angular, Vue.js, TypeScript, Web Performance Optimization, Web Security"
DevOps Engineer,"Linux, Bash Scripting, Docker, Kubernetes, CI/CD, Jenkins, Terraform, Ansible, AWS, GCP, Azure"
Cybersecurity Analyst,"Networking Security, Ethical Hacking, Penetration Testing, OWASP, Cryptography, SIEM, Forensics, SOC"
Cloud Engineer,"AWS, Azure, Google Cloud, Terraform, Docker, Kubernetes, Serverless Computing, Cloud Security"
Database Administrator,"SQL, MySQL, PostgreSQL, MongoDB, Oracle, Database Optimization, Indexing, Sharding, Replication"
AI Researcher,"Deep Learning, NLP, Computer Vision, Reinforcement Learning, Transfer Learning, GANs, AutoML"
Embedded Systems Engineer,"C, C++, Microcontrollers, RTOS, Embedded Linux, IoT, Firmware Development, PCB Design, FPGA"
Game Developer,"C++, C#, Unity, Unreal Engine, Game Physics, 3D Rendering, VR/AR Development, Game AI"
Mobile App Developer,"Java, Kotlin, Swift, Flutter, React Native, Android Development, iOS Development, App Security"
Full Stack Developer,"HTML, CSS, JavaScript, React, Angular, Node.js, Express.js, MongoDB, PostgreSQL, CI/CD, Docker"
Blockchain Developer,"Solidity, Smart Contracts, Ethereum, Hyperledger, DApps, Web3.js, Cryptography, Tokenomics"
IoT Engineer,"IoT Protocols, Raspberry Pi, Arduino, MQTT, Edge Computing, Sensor Networks, Cloud Integration"
Business Analyst,"Excel, Tableau, SQL, Power BI, Data Mining, Statistical Analysis, Forecasting, Business Strategy"
System Administrator,"Linux, Windows Server, Bash, PowerShell, Networking, Virtualization, IT Security, System Monitoring"
Network Engineer,"CCNA, Networking Protocols, Firewalls, Load Balancing, VPNs, SDN, Network Automation, Wireless"
Data Engineer,"SQL, Python, Spark, Hadoop, ETL, Data Warehousing, Big Data, Airflow, Streaming Data, Cloud Data Engineering"
